job_id,workload_name,profile,submission_time,requested_number_of_resources,requested_time,success,final_state,starting_time,execution_time,finish_time,waiting_time,turnaround_time,stretch,allocated_resources,consumed_energy,metadata
5,5,delay,0.000000,4,36000.000000,1,COMPLETED_SUCCESSFULLY,0.000000,36000.000000,36000.000000,0.000000,36000.000000,1.000000,3 9 12 15,-1,""
2,2,delay,0.000000,4,36000.000000,1,COMPLETED_SUCCESSFULLY,0.000000,36000.000000,36000.000000,0.000000,36000.000000,1.000000,30 34 37 38,-1,""
3,3,delay,0.000000,4,36000.000000,1,COMPLETED_SUCCESSFULLY,0.000000,36000.000000,36000.000000,0.000000,36000.000000,1.000000,41 42 45 52,-1,""
1,1,delay,0.000000,4,36000.000000,1,COMPLETED_SUCCESSFULLY,0.000000,36000.000000,36000.000000,0.000000,36000.000000,1.000000,67 69 72 73,-1,""
7,7,delay,1.000000,4,36000.000000,1,COMPLETED_SUCCESSFULLY,1.000000,36000.000000,36001.000000,1.000000,36001.000000,1.000000,0 4 8 16,-1,""
6,6,delay,0.000000,4,36000.000000,1,COMPLETED_SUCCESSFULLY,36000.000000,36000.000000,72000.000000,36000.000000,72000.000000,1.000000,40 42 47 59,-1,""
9,9,delay,1.000000,4,36000.000000,1,COMPLETED_SUCCESSFULLY,36000.000000,36000.000000,72000.000000,36000.000000,72000.000000,1.000000,41 50 51 54,-1,""
4,4,delay,0.000000,4,36000.000000,1,COMPLETED_SUCCESSFULLY,36000.000000,36000.000000,72000.000000,36000.000000,72000.000000,1.000000,69 75 76 79,-1,""
8,8,delay,1.000000,4,36000.000000,1,COMPLETED_SUCCESSFULLY,72000.000000,36000.000000,108000.000000,72000.000000,108000.000000,1.000000,49 50 52 59,-1,""
13,13,delay,84251.000000,20,259200.000000,1,COMPLETED_SUCCESSFULLY,84251.000000,56678.000000,140929.000000,84251.000000,140929.000000,1.000000,60 61 62 63 64 65 66 67 68 69 70 71 72 73 74 75 76 77 78 79,-1,""
10,10,delay,84250.000000,20,259200.000000,1,COMPLETED_SUCCESSFULLY,84250.000000,64392.000000,148642.000000,84250.000000,148642.000000,1.000000,0 1 2 3 4 5 6 7 8 9 10 11 12 13 14 15 16 17 18 19,-1,""
20,20,delay,84252.000000,20,259200.000000,1,COMPLETED_SUCCESSFULLY,84252.000000,95587.000000,179839.000000,84252.000000,179839.000000,1.000000,20 21 22 23 24 25 26 27 28 29 30 31 32 33 34 35 36 37 38 39,-1,""
19,19,delay,84252.000000,20,259200.000000,1,COMPLETED_SUCCESSFULLY,108000.000000,81349.000000,189349.000000,108000.000000,189349.000000,1.000000,40 41 42 43 44 45 46 47 48 49 50 51 52 53 54 55 56 57 58 59,-1,""
11,11,delay,84251.000000,20,259200.000000,1,COMPLETED_SUCCESSFULLY,343450.000000,31147.000000,374597.000000,343450.000000,374597.000000,1.000000,0 1 2 3 4 5 6 7 8 9 10 11 12 13 14 15 16 17 18 19,-1,""
12,12,delay,84251.000000,20,259200.000000,1,COMPLETED_SUCCESSFULLY,343451.000000,45104.000000,388555.000000,343451.000000,388555.000000,1.000000,60 61 62 63 64 65 66 67 68 69 70 71 72 73 74 75 76 77 78 79,-1,""
18,18,delay,84252.000000,20,259200.000000,1,COMPLETED_SUCCESSFULLY,343452.000000,68189.000000,411641.000000,343452.000000,411641.000000,1.000000,20 21 22 23 24 25 26 27 28 29 30 31 32 33 34 35 36 37 38 39,-1,""
25,25,delay,84256.000000,20,259200.000000,1,COMPLETED_SUCCESSFULLY,367200.000000,97013.000000,464213.000000,367200.000000,464213.000000,1.000000,40 41 42 43 44 45 46 47 48 49 50 51 52 53 54 55 56 57 58 59,-1,""
